{
    "nick": {
        "coord": [
            -36.86246672580253,
            174.8461114458974
        ],
        "team": 1,
        "connected": true,
        "flag_is_captured":false,
        "ready": true,
        "flag": [-36.87994626371284, 174.75945712237268]
    }
}